Date,Pilotcode,VehicleCode,StationCode,StartTime,EndTime,Distance,Total,,,,,,collection
01-06-2024,1237,2307,504,6:41:00,16:43:07,136.4,1500,,,,,,
01-06-2024,1048,2044,504,8:56:53,17:31:20,130.9,1419,,,,,,
01-06-2024,1115,2054,503,8:26:38,17:31:24,94.2,1214,,,,,,
01-06-2024,1116,2112,503,8:43:50,17:43:59,135.2,1446,,,,,,
01-06-2024,1150,2287,511,8:55:53,18:59:15,97.8,1127,,,,,,
01-06-2024,1685,2293,511,8:13:45,19:32:19,125.7,1383,,,,,,
01-06-2024,1375,2295,511,7:58:07,19:23:15,114.5,1253,,,,,,
01-06-2024,1265,2328,504,7:58:31,20:09:56,167.7,1661,,,,,,
01-06-2024,1681,2342,511,8:54:47,20:45:30,133.6,1470,,,,,,
01-06-2024,1152,2349,504,7:57:28,18:10:22,144.9,1586,,,,,,
01-06-2024,1055,2055,504,10:36:43,18:54:09,105.6,1270,,,,,,
01-06-2024,1112,2297,511,9:03:58,19:05:22,109.7,1207,,,,,,
01-06-2024,1181,2319,504,9:35:08,19:35:49,117.3,1247,,,,,,
02-06-2024,1265,2328,504,7:10:37,19:36:10,145.8,1660,,,,,,
02-06-2024,1048,2044,504,7:57:09,16:15:55,98.5,1416,,,,,,
02-06-2024,1115,2054,503,8:42:55,16:42:49,103.5,1213,,,,,,
02-06-2024,1116,2112,503,8:54:49,17:36:32,106.2,1087,,,,,,
02-06-2024,1681,2342,511,8:05:47,17:03:07,80.5,885,,,,,,
02-06-2024,1152,2349,504,7:44:46,19:28:15,153.4,1635,,,,,,
02-06-2024,1149,2355,504,8:17:25,19:36:49,173.4,1765,,,,,,
02-06-2024,1023,2026,503,9:53:04,17:42:59,112.7,1238,,,,,,
02-06-2024,1055,2055,504,10:30:44,19:54:53,122.3,1344,,,,,,
02-06-2024,1150,2287,511,10:05:04,19:28:47,85.9,891,,,,,,
02-06-2024,1685,2293,511,10:23:10,19:55:36,100.8,1109,,,,,,
02-06-2024,1236,2343,511,10:05:40,19:41:10,117.9,1202,,,,,,
03-06-2024,1237,2307,504,6:25:00,17:18:20,118.5,1303,,,,,,
03-06-2024,1152,2349,504,7:00:06,20:45:22,185.7,2074,,,,,,
03-06-2024,1022,2016,503,8:23:49,17:29:11,95.9,1222,,,,,,
03-06-2024,1017,2023,504,8:09:18,17:21:20,142.2,1386,,,,,,
03-06-2024,1023,2026,503,8:32:33,19:18:52,113.7,1314,,,,,,
03-06-2024,1048,2044,504,7:38:39,16:45:24,133.9,1368,,,,,,
03-06-2024,1115,2054,503,7:50:27,17:42:09,107.2,1237,,,,,,
03-06-2024,1685,2293,511,8:02:50,19:35:48,149.6,1646,,,,,,
03-06-2024,1112,2297,511,7:42:58,19:26:57,100.4,1100,,,,,,
03-06-2024,1149,2355,504,7:47:55,20:16:42,160.4,1605,,,,,,
03-06-2024,1055,2055,504,9:58:21,19:40:59,130.2,1431,,,,,,
03-06-2024,1265,2328,504,9:16:37,21:45:00,143.8,1331,,,,,,
03-06-2024,1681,2342,511,11:36:37,20:15:24,96.5,1056,,,,,,
03-06-2024,1150,2287,511,14:06:54,20:33:08,70.1,717,,,,,,
04-06-2024,1237,2307,504,6:23:47,19:59:42,121.9,1341,,,,,,
04-06-2024,1149,2355,504,7:20:47,19:50:20,188.4,1984,,,,,,
04-06-2024,1017,2023,504,8:11:55,16:56:13,144.1,1411,,,,,,
04-06-2024,1023,2026,503,8:04:28,17:36:55,122.2,1364,,,,,,
04-06-2024,1048,2044,504,8:08:57,18:09:41,134.6,1505,,,,,,
04-06-2024,1115,2054,503,8:16:44,17:25:36,123.3,1264,,,,,,
04-06-2024,1116,2112,503,8:34:13,18:44:36,115.7,1253,,,,,,
04-06-2024,1375,2295,511,8:17:34,19:46:39,94.8,778,,,,,,
04-06-2024,1112,2297,511,8:44:50,19:52:05,91.3,1004,,,,,,
04-06-2024,1265,2328,504,8:11:48,22:03:30,153.6,1625,,,,,,
04-06-2024,1681,2342,511,7:42:46,20:17:53,122.4,1346,,,,,,
04-06-2024,1055,2055,504,9:31:22,21:58:46,146.8,1777,,,,,,
04-06-2024,1150,2287,511,9:36:19,19:03:16,86.1,887,,,,,,
04-06-2024,1685,2293,511,10:11:28,20:13:05,74.8,823,,,,,,
04-06-2024,1227,2316,504,9:31:41,21:29:27,148.3,1447,,,,,,
04-06-2024,1181,2319,504,10:05:39,20:06:44,127.4,1205,,,,,,
04-06-2024,1236,2343,511,9:05:53,19:00:31,94.9,958,,,,,,
05-06-2024,1152,2349,504,7:11:31,17:56:53,156.3,1524,,,,,,
05-06-2024,1017,2023,504,7:57:22,17:27:44,136.6,1404,,,,,,
05-06-2024,1023,2026,503,7:59:32,18:01:38,103.9,1229,,,,,,
05-06-2024,1048,2044,504,7:39:09,16:42:59,122.7,1413,,,,,,
05-06-2024,1115,2054,503,8:18:47,17:17:05,111.8,1315,,,,,,
05-06-2024,1116,2112,503,8:26:34,17:53:02,112.9,1202,,,,,,
05-06-2024,1375,2295,511,7:55:51,19:26:19,90.5,1000,,,,,,
05-06-2024,1112,2297,511,7:45:04,19:47:40,94.9,1044,,,,,,
05-06-2024,1227,2316,504,8:45:25,22:06:11,156.9,1806,,,,,,
05-06-2024,1181,2319,504,8:52:38,19:23:58,111.1,1245,,,,,,
05-06-2024,1265,2328,504,9:01:32,21:06:20,148.8,1505,,,,,,
05-06-2024,1681,2342,511,7:43:01,20:38:17,88.1,969,,,,,,
05-06-2024,1236,2343,511,8:47:20,18:20:03,73.7,712,,,,,,
05-06-2024,1149,2355,504,7:48:46,19:33:28,155.8,1601,,,,,,
05-06-2024,1055,2055,504,10:30:31,21:57:45,145.9,1833,,,,,,
05-06-2024,1150,2287,511,9:11:21,18:34:06,104.4,1172,,,,,,
05-06-2024,1685,2293,511,9:27:38,20:45:43,66.8,735,,,,,,
05-06-2024,1237,2307,504,9:39:53,20:23:44,109.2,1201,,,,,,
06-06-2024,1237,2307,504,6:26:49,19:16:54,109.5,1205,,,,,,
06-06-2024,1017,2023,504,8:00:26,15:43:32,104.6,1243,,,,,,
06-06-2024,1023,2026,503,8:30:50,17:40:15,121.7,1242,,,,,,
06-06-2024,1115,2054,503,8:09:16,16:36:39,107.2,1223,,,,,,
06-06-2024,1055,2055,504,8:11:23,20:30:50,156.4,1667,,,,,,
06-06-2024,1116,2112,503,8:35:55,18:08:36,110.5,1209,,,,,,
06-06-2024,1685,2293,511,8:16:22,20:16:03,110.5,1215,,,,,,
06-06-2024,1375,2295,511,8:06:11,19:18:53,83.7,926,,,,,,
06-06-2024,1112,2297,511,7:54:34,19:18:33,109.6,1206,,,,,,
06-06-2024,1265,2328,504,8:23:23,19:51:16,152.1,1623,,,,,,
06-06-2024,1681,2342,511,7:44:06,19:50:21,97.9,1077,,,,,,
06-06-2024,1152,2349,504,7:39:58,20:52:01,170.8,1742,,,,,,
06-06-2024,1149,2355,504,7:39:43,17:15:13,135.6,1411,,,,,,
06-06-2024,1227,2316,504,9:34:06,22:03:30,130.9,1516,,,,,,
06-06-2024,1181,2319,504,9:34:14,18:48:41,102.6,1233,,,,,,
06-06-2024,1236,2343,511,9:05:26,19:09:52,94.8,857,,,,,,
07-06-2024,1237,2307,504,6:37:01,20:00:42,119,1309,,,,,,
07-06-2024,1017,2023,504,8:08:33,18:22:25,124.3,1246,,,,,,
07-06-2024,1023,2026,503,8:36:27,16:44:15,113.1,1304,,,,,,
07-06-2024,1048,2044,504,8:00:50,10:24:40,36.4,313,,,,,,
07-06-2024,1115,2054,503,8:04:45,17:56:47,113.8,1238,,,,,,
07-06-2024,1055,2055,504,8:24:41,22:04:40,186.2,2102,,,,,,
07-06-2024,1116,2112,503,8:26:19,17:32:59,120.7,1202,,,,,,
07-06-2024,1150,2287,511,8:38:52,19:10:28,122.5,1298,,,,,,
07-06-2024,1685,2293,511,8:56:13,19:53:13,98.2,1080,,,,,,
07-06-2024,1375,2295,511,7:26:19,19:20:55,109.5,1114,,,,,,
07-06-2024,1112,2297,511,8:26:14,18:40:13,114.3,1257,,,,,,
07-06-2024,1265,2328,504,7:51:09,21:23:52,129.7,1611,,,,,,
07-06-2024,1681,2342,511,8:17:38,19:14:59,91.2,1003,,,,,,
07-06-2024,1152,2349,504,7:35:34,13:35:51,74.3,783,,,,,,
07-06-2024,1227,2316,504,9:57:50,21:14:44,129.7,1343,,,,,,
07-06-2024,1181,2319,504,9:27:06,18:02:37,94.1,1210,,,,,,
07-06-2024,1236,2343,511,9:20:11,18:29:14,88.6,881,,,,,,
08-06-2024,1375,2295,511,7:16:17,19:49:48,99.3,1193,,,,,,
08-06-2024,1237,2307,504,6:42:31,20:51:57,170.5,1875,,,,,,
08-06-2024,1227,2316,504,7:23:36,19:23:55,120.9,1206,,,,,,
08-06-2024,1152,2349,504,6:54:58,19:53:32,151.9,1646,,,,,,
08-06-2024,1017,2023,504,7:42:42,19:16:59,128.7,1229,,,,,,
08-06-2024,1023,2026,503,9:01:35,18:19:38,115.1,1201,,,,,,
08-06-2024,1048,2044,504,7:30:45,14:57:57,82.8,1216,,,,,,
08-06-2024,1115,2054,503,8:16:14,18:08:39,123.4,1321,,,,,,
08-06-2024,1055,2055,504,8:05:57,11:34:40,51.7,481,,,,,,
08-06-2024,1116,2112,503,8:35:39,17:54:20,130.2,1220,,,,,,
08-06-2024,1112,2297,511,7:52:16,19:54:56,119.3,1312,,,,,,
08-06-2024,1265,2328,504,8:30:38,20:08:03,128.6,1600,,,,,,
08-06-2024,1681,2342,511,8:06:03,19:36:43,98.3,1081,,,,,,
08-06-2024,1149,2355,504,7:58:09,19:22:42,152.7,1568,,,,,,
08-06-2024,1150,2287,511,9:42:48,20:21:33,117,1232,,,,,,
08-06-2024,1685,2293,511,9:10:49,19:45:47,116.6,1283,,,,,,
08-06-2024,1181,2319,504,9:54:37,18:55:35,95.5,1222,,,,,,
08-06-2024,1226,2329,504,9:04:07,18:02:35,127.3,1331,,,,,,
08-06-2024,1236,2343,511,9:07:16,19:15:14,125.5,1226,,,,,,
09-06-2024,1237,2307,504,6:07:30,18:33:26,97.4,1071,,,,,,
09-06-2024,1149,2355,504,6:18:39,15:21:54,100.3,1301,,,,,,
09-06-2024,1115,2054,503,8:22:23,16:32:36,85.7,916,,,,,,
09-06-2024,1681,2342,511,8:11:40,19:22:15,114.8,1254,,,,,,
09-06-2024,1017,2023,504,9:15:14,15:03:38,87.8,1009,,,,,,
09-06-2024,1023,2026,503,9:16:22,16:42:22,89.9,1013,,,,,,
09-06-2024,1150,2287,511,10:12:23,19:17:19,109.8,1211,,,,,,
09-06-2024,1112,2297,511,10:24:58,19:19:44,110.2,1212,,,,,,
09-06-2024,1181,2319,504,9:59:41,19:20:36,119.3,1204,,,,,,
09-06-2024,1265,2328,504,9:28:54,20:19:13,147.5,1546,,,,,,
09-06-2024,1236,2343,511,10:10:03,18:57:52,98.1,1002,,,,,,
10-06-2024,1237,2307,504,7:06:24,17:04:30,93.7,1031,,,,,,
10-06-2024,1017,2023,504,7:53:15,17:24:45,143.6,1443,,,,,,
10-06-2024,1048,2044,504,7:47:37,16:49:37,135.6,1429,,,,,,
10-06-2024,1115,2054,503,8:18:43,17:53:19,109.5,1229,,,,,,
10-06-2024,1116,2112,503,8:43:52,17:57:04,108.6,1210,,,,,,
10-06-2024,1150,2287,511,9:00:44,18:45:46,112.5,1208,,,,,,
10-06-2024,1685,2293,511,7:47:59,20:03:02,108.9,1198,,,,,,
10-06-2024,1375,2295,511,7:47:24,19:44:45,128.7,1568,,,,,,
10-06-2024,1112,2297,511,8:30:06,17:57:16,129.6,1426,,,,,,
10-06-2024,1227,2316,504,8:36:09,21:52:53,139.1,1517,,,,,,
10-06-2024,1265,2328,504,8:44:26,19:27:51,141.6,1611,,,,,,
10-06-2024,1681,2342,511,7:43:01,19:05:11,102.2,1124,,,,,,
10-06-2024,1236,2343,511,8:48:37,18:50:33,108.1,1010,,,,,,
10-06-2024,1152,2349,504,7:38:23,17:39:05,132.1,1506,,,,,,
10-06-2024,1149,2355,504,8:14:18,19:52:57,159.4,1608,,,,,,
10-06-2024,1181,2319,504,10:12:46,19:42:01,113.3,1301,,,,,,
11-06-2024,1152,2349,504,7:03:57,20:13:57,166.7,1800,,,,,,
11-06-2024,1022,2016,503,8:37:50,17:33:21,105.5,1235,,,,,,
11-06-2024,1017,2023,504,7:50:06,18:07:07,154.5,1461,,,,,,
11-06-2024,1023,2026,503,8:32:46,18:27:45,113.5,1208,,,,,,
11-06-2024,1048,2044,504,7:46:07,16:22:24,124.9,1515,,,,,,
11-06-2024,1115,2054,503,8:05:16,18:12:24,108.3,1202,,,,,,
11-06-2024,1116,2112,503,8:24:33,17:53:03,100.9,1188,,,,,,
11-06-2024,1685,2293,511,7:34:36,19:52:19,100.5,1105,,,,,,
11-06-2024,1227,2316,504,8:52:22,21:07:54,154.9,1508,,,,,,
11-06-2024,1265,2328,504,7:42:07,20:30:04,144.6,1723,,,,,,
11-06-2024,1681,2342,511,8:02:31,20:00:20,94.3,1034,,,,,,
11-06-2024,1149,2355,504,7:37:45,20:06:40,181.2,1905,,,,,,
11-06-2024,1055,2055,504,10:27:04,18:25:27,80.7,880,,,,,,
11-06-2024,1150,2287,511,9:29:25,18:52:57,80.1,825,,,,,,
11-06-2024,1112,2297,511,9:25:57,19:08:47,118.3,1301,,,,,,
11-06-2024,1181,2319,504,10:45:03,19:57:29,94.7,1234,,,,,,
12-06-2024,1055,2055,504,6:03:29,18:44:52,83.4,917,,,,,,
12-06-2024,1237,2307,504,6:56:26,20:09:56,129.7,1427,,,,,,
12-06-2024,1152,2349,504,7:06:12,19:16:04,159.8,1650,,,,,,
12-06-2024,1022,2016,503,8:36:52,17:05:07,104.2,1234,,,,,,
12-06-2024,1017,2023,504,8:02:17,14:51:30,102.7,1120,,,,,,
12-06-2024,1023,2026,503,8:27:08,19:17:50,120.1,1289,,,,,,
12-06-2024,1048,2044,504,7:59:10,18:25:59,159.9,1575,,,,,,
12-06-2024,1115,2054,503,8:23:18,18:33:21,102.9,1267,,,,,,
12-06-2024,1116,2112,503,8:38:10,19:04:14,101.6,1111,,,,,,
12-06-2024,1685,2293,511,7:30:47,20:35:03,45.2,497,,,,,,
12-06-2024,1112,2297,511,9:02:16,17:57:56,127.1,1398,,,,,,
12-06-2024,1265,2328,504,8:09:14,19:18:04,150.7,1616,,,,,,
12-06-2024,1681,2342,511,9:00:48,20:46:18,52.9,572,,,,,,
12-06-2024,1149,2355,504,7:44:03,19:37:40,156.7,1618,,,,,,
12-06-2024,1150,2287,511,9:27:41,19:06:13,74.1,842,,,,,,
12-06-2024,1227,2316,504,9:40:56,22:06:45,130.8,1415,,,,,,
12-06-2024,1181,2319,504,10:27:25,19:20:18,124.1,1221,,,,,,
12-06-2024,1236,2343,511,9:55:20,18:33:07,93.4,954,,,,,,
13-06-2024,1265,2328,504,7:24:06,19:25:42,137.7,1637,,,,,,
13-06-2024,1023,2026,503,8:29:32,17:16:20,107.1,1231,,,,,,
13-06-2024,1048,2044,504,7:39:09,15:44:03,95.6,1531,,,,,,
13-06-2024,1116,2112,503,8:20:52,18:40:10,91.6,1216,,,,,,
13-06-2024,1685,2293,511,7:36:01,20:27:50,116.5,1281,,,,,,
13-06-2024,1237,2307,504,7:48:02,17:15:47,89.7,987,,,,,,
13-06-2024,1227,2316,504,8:28:29,21:56:19,147.2,1508,,,,,,
13-06-2024,1681,2342,511,8:10:10,20:17:58,83.8,922,,,,,,
13-06-2024,1149,2355,504,7:50:46,19:22:36,138,1520,,,,,,
13-06-2024,1150,2287,511,9:49:56,19:45:11,79.8,862,,,,,,
13-06-2024,1112,2297,511,9:33:41,18:32:52,77.8,847,,,,,,
13-06-2024,1181,2319,504,9:11:41,19:46:30,123.8,1219,,,,,,
13-06-2024,1226,2329,504,9:54:39,21:31:01,133.5,1212,,,,,,
13-06-2024,1236,2343,511,9:20:44,18:37:12,67.3,648,,,,,,
14-06-2024,1237,2307,504,7:07:28,19:14:00,135.9,1485,,,,,,
14-06-2024,1152,2349,504,7:25:04,12:34:29,79.5,874,,,,,,
14-06-2024,1022,2016,503,8:36:15,17:18:00,107.7,1227,,,,,,
14-06-2024,1017,2023,504,8:01:52,16:47:28,107.3,1234,,,,,,
14-06-2024,1023,2026,503,8:33:17,16:49:21,97.6,1241,,,,,,
14-06-2024,1048,2044,504,8:17:01,15:55:10,83.1,1012,,,,,,
14-06-2024,1115,2054,503,8:20:43,17:34:48,106.5,1223,,,,,,
14-06-2024,1116,2112,503,8:44:15,19:06:54,114.2,1234,,,,,,
14-06-2024,1375,2295,511,7:40:54,20:36:19,119.7,1248,,,,,,
14-06-2024,1227,2316,504,8:07:13,21:37:21,136.6,1306,,,,,,
14-06-2024,1265,2328,504,7:58:59,19:12:02,135.7,1601,,,,,,
14-06-2024,1681,2342,511,7:50:47,21:04:07,132.1,1453,,,,,,
14-06-2024,1055,2055,504,9:10:44,17:32:11,106.3,1138,,,,,,
14-06-2024,1108,2110,504,10:10:03,19:36:38,121.7,1339,,,,,,
14-06-2024,1150,2287,511,9:19:26,19:29:32,101.8,1062,,,,,,
14-06-2024,1685,2293,511,10:06:46,21:44:28,112.4,1236,,,,,,
14-06-2024,1112,2297,511,9:05:49,20:35:38,98.8,1087,,,,,,
14-06-2024,1181,2319,504,10:12:34,19:51:08,84.5,1000,,,,,,
14-06-2024,1226,2329,504,10:30:15,21:25:06,124.9,1225,,,,,,
14-06-2024,1236,2343,511,9:36:41,19:15:41,96.1,978,,,,,,
15-06-2024,1237,2307,504,6:55:16,19:49:57,115.5,1271,,,,,,
15-06-2024,1152,2349,504,7:13:01,21:10:36,142.8,1492,,,,,,
15-06-2024,1017,2023,504,8:19:22,18:54:53,139.2,1507,,,,,,
15-06-2024,1023,2026,503,9:01:47,17:48:02,111.4,1267,,,,,,
15-06-2024,1048,2044,504,7:48:48,16:52:57,106.5,1581,,,,,,
15-06-2024,1115,2054,503,8:23:38,17:44:40,105.3,1256,,,,,,
15-06-2024,1108,2110,504,8:21:46,19:28:04,113.4,1247,,,,,,
15-06-2024,1116,2112,503,8:36:52,18:29:52,110.7,1211,,,,,,
15-06-2024,1375,2295,511,8:28:02,20:35:58,120.6,1301,,,,,,
15-06-2024,1112,2297,511,8:51:17,19:03:39,112.2,1234,,,,,,
15-06-2024,1265,2328,504,8:34:57,20:12:48,147.2,1624,,,,,,
15-06-2024,1226,2329,504,7:57:21,18:30:08,137.1,1394,,,,,,
15-06-2024,1681,2342,511,8:28:19,19:35:19,104.9,1154,,,,,,
15-06-2024,1236,2343,511,8:54:19,19:13:11,100.8,1133,,,,,,
15-06-2024,1149,2355,504,8:07:36,20:49:29,142.6,1527,,,,,,
15-06-2024,1022,2016,503,10:03:26,17:41:24,94.3,1219,,,,,,
15-06-2024,1055,2055,504,9:45:51,22:03:05,162.4,2036,,,,,,
15-06-2024,1150,2287,511,9:12:26,19:25:14,119.1,1240,,,,,,
15-06-2024,1685,2293,511,9:50:30,20:15:04,122.8,1351,,,,,,
15-06-2024,1227,2316,504,9:56:50,20:45:31,123.5,1222,,,,,,
15-06-2024,1181,2319,504,9:09:20,20:16:42,104.6,1305,,,,,,
16-06-2024,1237,2307,504,6:11:03,19:01:40,109.5,1205,,,,,,
16-06-2024,1017,2023,504,8:31:55,16:39:35,90.7,1129,,,,,,
16-06-2024,1115,2054,503,8:21:51,18:36:40,120.8,1369,,,,,,
16-06-2024,1108,2110,504,7:52:44,17:38:36,98.7,1086,,,,,,
16-06-2024,1116,2112,503,8:29:08,17:31:42,96.7,1213,,,,,,
16-06-2024,1226,2329,504,7:39:29,22:06:21,107.1,1295,,,,,,
16-06-2024,1681,2342,511,7:55:32,21:14:53,140.1,1541,,,,,,
16-06-2024,1149,2355,504,7:47:38,18:58:10,148.8,1620,,,,,,
16-06-2024,1055,2055,504,11:04:47,22:00:01,137.5,1602,,,,,,
16-06-2024,1150,2287,511,9:27:14,19:02:00,102.6,1045,,,,,,
16-06-2024,1227,2316,504,9:31:46,20:01:43,137.2,1305,,,,,,
16-06-2024,1181,2319,504,10:10:45,19:38:32,88.2,1016,,,,,,
16-06-2024,1236,2343,511,10:02:14,18:46:29,83.5,840,,,,,,
17-06-2024,1152,2349,504,7:08:43,20:54:13,96.8,1060,,,,,,
17-06-2024,1017,2023,504,7:48:52,17:31:13,154.9,1597,,,,,,
17-06-2024,1115,2054,503,8:00:45,16:03:45,112.7,1252,,,,,,
17-06-2024,1116,2112,503,8:35:51,17:30:12,122.2,1289,,,,,,
17-06-2024,1375,2295,511,7:51:06,19:45:10,103.8,1172,,,,,,
17-06-2024,1112,2297,511,8:00:19,19:24:12,109.5,1204,,,,,,
17-06-2024,1226,2329,504,7:45:03,17:28:00,154.8,1474,,,,,,
17-06-2024,1681,2342,511,8:07:28,19:51:28,107.4,1181,,,,,,
17-06-2024,1149,2355,504,8:28:34,19:28:04,182.1,1817,,,,,,
17-06-2024,1181,2319,504,9:30:52,20:05:50,142.3,1231,,,,,,
18-06-2024,1226,2329,504,7:07:39,19:11:08,177.8,1767,,,,,,
18-06-2024,1152,2349,504,7:15:03,17:47:14,142.8,1407,,,,,,
18-06-2024,1022,2016,503,8:25:19,16:40:29,115.1,1241,,,,,,
18-06-2024,1017,2023,504,7:41:47,18:29:06,175.4,1706,,,,,,
18-06-2024,1023,2026,503,8:31:00,17:14:00,115.9,1227,,,,,,
18-06-2024,1115,2054,503,8:11:54,18:00:04,106.4,1232,,,,,,
18-06-2024,1108,2110,504,7:49:42,17:28:48,131.8,1450,,,,,,
18-06-2024,1116,2112,503,8:21:05,18:28:23,104.8,1211,,,,,,
18-06-2024,1685,2293,511,8:17:40,20:52:30,125.1,1376,,,,,,
18-06-2024,1375,2295,511,7:38:10,17:00:20,121.4,1004,,,,,,
18-06-2024,1149,2355,504,7:41:16,19:53:44,185.3,1871,,,,,,
18-06-2024,1055,2055,504,9:50:51,18:58:46,135.5,1523,,,,,,
18-06-2024,1112,2297,511,9:25:47,17:55:28,91.3,1004,,,,,,
18-06-2024,1227,2316,504,9:10:46,20:38:33,142.5,1519,,,,,,
18-06-2024,1181,2319,504,9:13:06,19:41:08,131.9,1526,,,,,,
18-06-2024,1236,2343,511,11:15:03,18:03:35,56.1,536,,,,,,
19-06-2024,1226,2329,504,7:13:10,18:13:10,155.7,1646,,,,,,
19-06-2024,1152,2349,504,7:07:26,19:54:18,150.3,1604,,,,,,
19-06-2024,1022,2016,503,8:22:36,17:46:32,110.8,1284,,,,,,
19-06-2024,1017,2023,504,8:39:07,17:25:42,114.6,1230,,,,,,
19-06-2024,1023,2026,503,8:34:39,17:56:33,106.7,1255,,,,,,
19-06-2024,1048,2044,504,7:45:40,17:20:50,134.4,1514,,,,,,
19-06-2024,1115,2054,503,8:09:20,17:49:43,98.5,1242,,,,,,
19-06-2024,1055,2055,504,8:26:02,21:12:30,165.8,1847,,,,,,
19-06-2024,1108,2110,504,8:19:07,18:29:31,131.7,1449,,,,,,
19-06-2024,1116,2112,503,8:15:52,19:11:45,95.2,1090,,,,,,
19-06-2024,1685,2293,511,8:05:13,21:05:27,117.5,1293,,,,,,
19-06-2024,1375,2295,511,7:41:57,19:32:22,100.1,802,,,,,,
19-06-2024,1112,2297,511,8:51:15,19:26:08,111.5,1226,,,,,,
19-06-2024,1227,2316,504,8:55:22,21:08:31,133.6,1442,,,,,,
19-06-2024,1681,2342,511,7:32:02,21:32:27,118.7,1306,,,,,,
19-06-2024,1149,2355,504,8:20:06,19:23:05,154.7,1613,,,,,,
19-06-2024,1237,2307,504,9:15:46,18:33:47,110.8,1219,,,,,,
19-06-2024,1181,2319,504,10:09:21,20:12:23,106.5,1232,,,,,,
19-06-2024,1236,2343,511,9:34:33,19:38:04,113.7,1181,,,,,,
20-06-2024,1055,2055,504,6:32:25,22:00:31,162.2,1718,,,,,,
20-06-2024,1685,2293,511,7:09:45,20:09:24,94.1,1035,,,,,,
20-06-2024,1265,2328,504,7:00:13,20:03:06,140.3,1728,,,,,,
20-06-2024,1226,2329,504,7:24:33,19:14:58,175.1,1680,,,,,,
20-06-2024,1152,2349,504,7:02:35,18:34:56,166.5,1699,,,,,,
20-06-2024,1022,2016,503,8:36:15,17:41:25,107.4,1219,,,,,,
20-06-2024,1017,2023,504,7:52:12,18:32:40,139.5,1484,,,,,,
20-06-2024,1023,2026,503,8:54:21,19:50:40,98.5,1201,,,,,,
20-06-2024,1048,2044,504,8:18:19,18:06:44,126.3,1424,,,,,,
20-06-2024,1115,2054,503,8:21:50,18:00:52,116.7,1257,,,,,,
20-06-2024,1108,2110,504,8:09:32,17:44:34,121.7,1331,,,,,,
20-06-2024,1116,2112,503,8:24:06,18:08:38,105.6,1100,,,,,,
20-06-2024,1150,2287,511,9:00:51,19:20:48,84.8,839,,,,,,
20-06-2024,1375,2295,511,8:29:09,19:45:20,47.3,624,,,,,,
20-06-2024,1112,2297,511,8:45:35,19:27:49,73.2,805,,,,,,
20-06-2024,1237,2307,504,8:24:37,19:53:44,111.1,1222,,,,,,
20-06-2024,1681,2342,511,8:29:34,19:52:54,71.1,782,,,,,,
20-06-2024,1149,2355,504,7:45:10,19:18:46,165.3,1688,,,,,,
20-06-2024,1227,2316,504,9:35:05,21:51:55,145.6,1501,,,,,,
20-06-2024,1236,2343,511,9:23:42,17:18:34,43.4,451,,,,,,
21-06-2024,1237,2307,504,6:26:05,19:07:19,138.6,1525,,,,,,
21-06-2024,1265,2328,504,7:10:05,20:43:29,145.1,1628,,,,,,
21-06-2024,1022,2016,503,8:36:34,18:03:26,90.5,1086,,,,,,
21-06-2024,1017,2023,504,8:08:35,18:52:43,149.2,1364,,,,,,
21-06-2024,1023,2026,503,8:22:08,17:27:36,115.8,1263,,,,,,
21-06-2024,1048,2044,504,7:52:39,17:44:43,130.7,1512,,,,,,
21-06-2024,1115,2054,503,8:25:58,18:13:59,99.6,1077,,,,,,
21-06-2024,1055,2055,504,7:38:05,21:57:03,188.4,2032,,,,,,
21-06-2024,1108,2110,504,8:12:50,18:49:56,109.1,1200,,,,,,
21-06-2024,1685,2293,511,8:06:54,19:42:27,127.1,1398,,,,,,
21-06-2024,1375,2295,511,8:08:22,19:46:31,90.7,943,,,,,,
21-06-2024,1681,2342,511,8:29:33,20:17:57,97.8,1067,,,,,,
21-06-2024,1152,2349,504,7:27:24,20:18:36,154.7,1634,,,,,,
21-06-2024,1149,2355,504,8:14:16,20:11:09,138.3,1415,,,,,,
21-06-2024,1150,2287,511,9:10:39,19:43:04,97.2,992,,,,,,
21-06-2024,1112,2297,511,9:11:28,20:19:13,109.3,1202,,,,,,
21-06-2024,1227,2316,504,9:12:17,21:47:28,112.6,1207,,,,,,
21-06-2024,1181,2319,504,9:19:33,18:38:04,103.6,1200,,,,,,
22-06-2024,1237,2307,504,6:38:30,21:16:24,129.7,1427,,,,,,
22-06-2024,1265,2328,504,6:36:53,19:59:53,133.8,1620,,,,,,
22-06-2024,1152,2349,504,7:03:20,17:33:42,141.2,1579,,,,,,
22-06-2024,1022,2016,503,8:15:50,16:49:15,90.3,1233,,,,,,
22-06-2024,1017,2023,504,8:17:11,19:10:35,90.8,948,,,,,,
22-06-2024,1023,2026,503,8:43:46,17:42:38,114.4,1282,,,,,,
22-06-2024,1048,2044,504,8:19:16,14:42:50,70.7,1015,,,,,,
22-06-2024,1115,2054,503,8:25:45,17:46:42,110.9,1248,,,,,,
22-06-2024,1055,2055,504,7:41:23,21:41:03,171.4,1836,,,,,,
22-06-2024,1108,2110,504,8:28:28,17:19:36,97.3,1070,,,,,,
22-06-2024,1375,2295,511,7:44:25,18:27:01,133.5,1396,,,,,,
22-06-2024,1681,2342,511,8:32:38,19:29:34,93.3,1026,,,,,,
22-06-2024,1149,2355,504,8:39:49,20:05:58,164.3,1664,,,,,,
22-06-2024,1150,2287,511,9:17:53,19:19:45,90.2,878,,,,,,
22-06-2024,1685,2293,511,9:09:59,20:20:46,121.6,1338,,,,,,
22-06-2024,1112,2297,511,9:32:29,16:20:36,92.2,1014,,,,,,
22-06-2024,1227,2316,504,9:45:56,21:38:05,110.9,1339,,,,,,
22-06-2024,1181,2319,504,9:37:50,20:17:05,103.7,1214,,,,,,
23-06-2024,1237,2307,504,6:15:33,19:57:19,154.7,1702,,,,,,
23-06-2024,1226,2329,504,7:10:17,16:18:29,48.2,365,,,,,,
23-06-2024,1023,2026,503,8:59:37,17:19:13,101.1,1046,,,,,,
23-06-2024,1115,2054,503,8:28:55,17:22:15,88.9,1041,,,,,,
23-06-2024,1265,2328,504,7:31:17,20:34:52,142.2,1612,,,,,,
23-06-2024,1681,2342,511,8:02:25,19:21:55,109.9,1209,,,,,,
23-06-2024,1152,2349,504,7:51:47,20:03:50,146.3,1554,,,,,,
23-06-2024,1149,2355,504,8:55:37,19:33:14,163.9,1696,,,,,,
23-06-2024,1150,2287,511,10:08:18,18:58:35,99.5,1020,,,,,,
23-06-2024,1227,2316,504,9:28:03,20:58:29,132.8,1402,,,,,,
23-06-2024,1181,2319,504,10:19:08,20:04:58,95.5,1206,,,,,,
23-06-2024,1236,2343,511,10:00:30,19:10:05,85.6,927,,,,,,
24-06-2024,1237,2307,504,6:52:43,19:14:21,110.3,1213,,,,,,
24-06-2024,1265,2328,504,7:23:45,19:26:14,145.8,1633,,,,,,
24-06-2024,1152,2349,504,7:11:39,16:46:23,112.8,1236,,,,,,
24-06-2024,1022,2016,503,8:23:27,18:13:44,107.8,1207,,,,,,
24-06-2024,1017,2023,504,8:10:51,17:05:53,126.5,1328,,,,,,
24-06-2024,1023,2026,503,8:37:11,17:42:11,95.9,1127,,,,,,
24-06-2024,1048,2044,504,7:27:22,17:42:10,113.8,1416,,,,,,
24-06-2024,1115,2054,503,8:25:56,18:41:16,103.8,1238,,,,,,
24-06-2024,1055,2055,504,7:51:16,21:31:01,186.7,2032,,,,,,
24-06-2024,1108,2110,504,7:58:27,17:14:06,123.1,1354,,,,,,
24-06-2024,1685,2293,511,7:35:03,19:20:22,140.5,1545,,,,,,
24-06-2024,1227,2316,504,7:25:51,20:22:22,150.3,1402,,,,,,
24-06-2024,1681,2342,511,7:41:21,19:03:28,114.5,1260,,,,,,
24-06-2024,1149,2355,504,7:59:00,19:58:29,151.5,1546,,,,,,
24-06-2024,1116,2112,503,9:59:44,18:36:06,99.4,1102,,,,,,
24-06-2024,1112,2297,511,9:20:03,18:06:46,120.6,1320,,,,,,
24-06-2024,1181,2319,504,10:03:59,20:11:03,103.9,1225,,,,,,
24-06-2024,1236,2343,511,9:22:16,18:49:43,107.5,1385,,,,,,
25-06-2024,1685,2293,511,7:20:52,19:55:21,139.9,1539,,,,,,
25-06-2024,1237,2307,504,6:25:17,11:56:01,69.5,764,,,,,,
25-06-2024,1226,2329,504,6:30:56,21:26:52,152.7,1677,,,,,,
25-06-2024,1681,2342,511,7:09:56,19:31:53,105.9,1165,,,,,,
25-06-2024,1022,2016,503,8:39:10,18:02:25,79.7,611,,,,,,
25-06-2024,1017,2023,504,8:21:35,17:01:39,125.5,1311,,,,,,
25-06-2024,1023,2026,503,8:37:34,17:42:14,90.9,1021,,,,,,
25-06-2024,1048,2044,504,8:28:03,17:43:04,118.2,1265,,,,,,
25-06-2024,1115,2054,503,8:27:43,18:23:15,102.6,1246,,,,,,
25-06-2024,1055,2055,504,7:28:06,22:00:37,184.1,2014,,,,,,
25-06-2024,1108,2110,504,7:57:48,8:13:14,10.3,113,,,,,,
25-06-2024,1375,2295,511,7:27:11,19:39:33,108.4,1165,,,,,,
25-06-2024,1227,2316,504,7:48:58,21:09:44,154.4,1532,,,,,,
25-06-2024,1265,2328,504,7:40:08,18:10:42,152.5,1764,,,,,,
25-06-2024,1149,2355,504,7:59:18,19:37:28,172.6,1749,,,,,,
25-06-2024,1116,2112,503,9:07:13,19:04:30,103.5,1121,,,,,,
25-06-2024,1112,2297,511,9:08:39,17:37:42,110.2,1212,,,,,,
25-06-2024,1181,2319,504,10:04:32,18:57:03,88.2,803,,,,,,
26-06-2024,1152,2349,504,7:00:02,17:35:28,133.7,1418,,,,,,
26-06-2024,1022,2016,503,8:45:34,17:08:22,109.5,1257,,,,,,
26-06-2024,1017,2023,504,8:19:58,17:45:45,120.3,1241,,,,,,
26-06-2024,1023,2026,503,8:50:56,18:04:27,103.5,1200,,,,,,
26-06-2024,1048,2044,504,8:06:10,17:59:38,122.7,1216,,,,,,
26-06-2024,1055,2055,504,7:52:20,22:05:59,162.7,1723,,,,,,
26-06-2024,1116,2112,503,8:30:25,18:56:56,112.6,1210,,,,,,
26-06-2024,1685,2293,511,8:24:22,20:12:56,92.5,1017,,,,,,
26-06-2024,1375,2295,511,7:31:40,20:08:23,105.1,1138,,,,,,
26-06-2024,1227,2316,504,8:29:49,20:37:21,132.2,1326,,,,,,
26-06-2024,1265,2328,504,7:31:50,19:52:19,149.2,1619,,,,,,
26-06-2024,1226,2329,504,7:56:28,18:01:54,124.9,1209,,,,,,
26-06-2024,1115,2054,503,9:03:05,18:07:42,114.4,1255,,,,,,
26-06-2024,1112,2297,511,9:11:59,19:06:32,110.1,1211,,,,,,
26-06-2024,1237,2307,504,10:09:23,20:54:15,110.6,1210,,,,,,
26-06-2024,1681,2342,511,10:43:56,20:22:16,86.3,949,,,,,,
26-06-2024,1236,2343,511,9:30:46,18:48:34,80.6,861,,,,,,
27-06-2024,1237,2307,504,6:25:00,20:27:19,155.5,1711,,,,,,
27-06-2024,1152,2349,504,7:12:34,19:11:54,154.7,1718,,,,,,
27-06-2024,1017,2023,504,8:08:41,19:50:14,139.7,1238,,,,,,
27-06-2024,1023,2026,503,8:20:39,10:11:02,44.5,178,,,,,,
27-06-2024,1048,2044,504,8:00:41,18:10:57,106.3,1210,,,,,,
27-06-2024,1115,2054,503,8:25:55,18:47:26,91,1016,,,,,,
27-06-2024,1685,2293,511,8:10:51,21:03:43,90.1,991,,,,,,
27-06-2024,1375,2295,511,7:43:43,19:26:05,75.3,766,,,,,,
27-06-2024,1112,2297,511,8:19:43,19:59:05,97.3,1070,,,,,,
27-06-2024,1265,2328,504,7:59:26,19:59:46,137.8,1619,,,,,,
27-06-2024,1226,2329,504,7:58:11,19:56:58,142.7,1314,,,,,,
27-06-2024,1681,2342,511,8:17:21,19:33:21,63.5,698,,,,,,
27-06-2024,1149,2355,504,8:35:19,20:12:17,137.3,1407,,,,,,
27-06-2024,1116,2112,503,9:06:43,19:02:54,99.2,1108,,,,,,
27-06-2024,1150,2287,511,9:50:38,19:43:48,66.1,651,,,,,,
27-06-2024,1227,2316,504,9:26:14,20:56:13,90.5,1010,,,,,,
27-06-2024,1181,2319,504,10:35:50,19:21:57,89.8,1008,,,,,,
27-06-2024,1236,2343,511,9:33:35,19:24:39,53.1,557,,,,,,
28-06-2024,1685,2293,511,7:04:33,21:03:30,102.8,1131,,,,,,
28-06-2024,1265,2328,504,6:57:44,20:37:01,133.1,1626,,,,,,
28-06-2024,1226,2329,504,7:08:07,19:43:14,154.7,1480,,,,,,
28-06-2024,1023,2026,503,8:35:26,17:33:51,116.9,1236,,,,,,
28-06-2024,1115,2054,503,8:31:56,17:39:37,106.1,1333,,,,,,
28-06-2024,1055,2055,504,7:57:42,22:02:27,154.7,1744,,,,,,
28-06-2024,1108,2110,504,8:37:56,17:17:26,112.6,1239,,,,,,
28-06-2024,1116,2112,503,8:37:00,18:01:38,103.4,1215,,,,,,
28-06-2024,1375,2295,511,7:47:14,19:27:06,99.3,1013,,,,,,
28-06-2024,1112,2297,511,8:35:43,21:30:59,109.7,1207,,,,,,
28-06-2024,1237,2307,504,8:54:44,19:18:11,111.1,1222,,,,,,
28-06-2024,1227,2316,504,8:01:40,21:15:19,140.1,1429,,,,,,
28-06-2024,1181,2319,504,8:56:29,20:03:26,121.8,1205,,,,,,
28-06-2024,1681,2342,511,7:57:59,20:17:53,110.5,1216,,,,,,
28-06-2024,1236,2343,511,9:01:28,18:40:33,89.6,913,,,,,,
28-06-2024,1152,2349,504,7:34:16,21:16:23,143.8,1500,,,,,,
28-06-2024,1149,2355,504,7:53:21,19:48:47,163.7,1665,,,,,,
28-06-2024,1150,2287,511,9:42:24,19:19:20,78.2,769,,,,,,
29-06-2024,1237,2307,504,6:47:24,18:08:03,111.5,1227,,,,,,
29-06-2024,1152,2349,504,6:43:42,18:49:19,191.9,2010,,,,,,
29-06-2024,1023,2026,503,8:29:31,18:21:37,100.1,1225,,,,,,
29-06-2024,1048,2044,504,8:31:38,16:13:37,106.2,1228,,,,,,
29-06-2024,1115,2054,503,8:28:40,18:00:20,111.1,1215,,,,,,
29-06-2024,1055,2055,504,8:03:49,22:00:34,184.5,2497,,,,,,
29-06-2024,1108,2110,504,8:18:30,17:50:54,134.6,1481,,,,,,
29-06-2024,1116,2112,503,8:25:24,19:23:54,91.7,1107,,,,,,
29-06-2024,1685,2293,511,8:07:12,19:37:27,138.7,1526,,,,,,
29-06-2024,1375,2295,511,8:04:54,19:52:04,89.8,1051,,,,,,
29-06-2024,1112,2297,511,8:42:23,18:53:47,110.3,1213,,,,,,
29-06-2024,1227,2316,504,7:56:25,19:56:25,138.9,1511,,,,,,
29-06-2024,1265,2328,504,7:33:46,18:41:30,144.3,1630,,,,,,
29-06-2024,1226,2329,504,7:48:30,21:12:49,136.2,1300,,,,,,
29-06-2024,1681,2342,511,7:41:21,20:20:34,124.7,1372,,,,,,
29-06-2024,1149,2355,504,7:57:57,19:42:20,179.9,1920,,,,,,
29-06-2024,1022,2016,503,10:32:51,18:37:41,78.3,928,,,,,,
29-06-2024,1150,2287,511,9:19:59,19:50:27,109.9,1105,,,,,,
29-06-2024,1181,2319,504,9:42:35,17:36:44,105.4,1204,,,,,,
29-06-2024,1236,2343,511,10:04:11,19:00:49,83.9,853,,,,,,
30-06-2024,1237,2307,504,6:46:46,21:39:15,138.8,1527,,,,,,
30-06-2024,1149,2355,504,6:48:31,19:01:25,165.9,1833,,,,,,
30-06-2024,1055,2055,504,8:36:44,19:27:10,107.1,1225,,,,,,
30-06-2024,1108,2110,504,8:45:44,16:45:12,103.6,1140,,,,,,
30-06-2024,1116,2112,503,8:27:39,17:25:42,106.3,1117,,,,,,
30-06-2024,1265,2328,504,8:41:30,19:50:49,150.4,1788,,,,,,
30-06-2024,1226,2329,504,7:53:15,15:16:04,75.8,698,,,,,,
30-06-2024,1681,2342,511,7:53:04,17:29:19,103.5,1139,,,,,,
30-06-2024,1152,2349,504,8:10:45,20:32:21,130.5,1365,,,,,,
30-06-2024,1023,2026,503,9:26:05,17:52:35,100.5,1079,,,,,,
30-06-2024,1150,2287,511,9:26:56,19:11:51,88.6,875,,,,,,
30-06-2024,1227,2316,504,9:45:57,20:14:45,133.1,1408,,,,,,
30-06-2024,1181,2319,504,10:36:08,20:20:51,118.9,1215,,,,,,
30-06-2024,1236,2343,511,10:10:28,18:42:06,107.3,1118,,,,,,
